{"Pro_Key":"63pnfirmrslxtur8","Dp_Data":[{"attr":1024,"code":"battery_percentage","defaultValue":"","desc":"","editPermission":true,"extContent":"","iconname":"icon-dp_battery","id":3,"mode":"ro","name":"电池电量","property":{"max":100,"min":0,"scale":0,"step":1,"type":"value","unit":"%"},"subType":"value","type":"obj"},{"attr":1024,"code":"temp_current","defaultValue":"","desc":"","editPermission":true,"extContent":"","iconname":"icon-wendu1","id":8,"mode":"ro","name":"当前温度","property":{"max":2000,"min":-400,"scale":1,"step":1,"type":"value"},"subType":"value","type":"obj"},{"attr":1024,"code":"shock_state","defaultValue":"","desc":"","editPermission":true,"extContent":"","iconname":"icon-zhendong","id":10,"mode":"ro","name":"震动状态","property":{"range":["normal","vibration","drop","tilt"],"type":"enum"},"subType":"enum","type":"obj"}]}